breath ID,user ID
QXIDXPCN,XAQ5xkTIEHXSPX6q02PJ6WvPNuD3
ACACIEDW,Uy5OhcHEQXY65CsYbiRPtN7RVBf1
XMZYMWLF,l4rsSAm6LtVu9k22v8PJnYp1pnC3
YOANBNAY,MEEGIoNSX4exg4oIL3Q9MdysPJq1
GQZCOVWU,vSVws79jhxXr1iQrtbvhchHaHCE3
ZMVKMHZK,xuXF9GD5zhWX6SqjzWsrUWvevhh2
JCLOOMKB,jppvqUD1X3VH39cGDRRlmhj4wu12
WEMNJHBE,Na6w7stX7ocNYZPQW9MQAiM6mrw2
AJBXHQTH,UJkJrzKjH6UQRZF7eHhUQVQwCHB2
YKESRNFH,TIFqRMyFsNVEYSMu9P05PF5N2Px1
FSUCICAX,PmbK8Rb4ohNWp4KwTtlU8xzxFGs2
MRVPUJYN,cAqSJ74dT8S95pUV3nj98Pp12cp1
DLQKXYON,rjI1qyc5W6RkajiRcmde0VISAIF3
KHABFHDK,GZM32y1Sy6X9D9hfrrvpTdPfmoV2
KTFSATJQ,DIaVEL0f1kXNG6KXgBMEQ54yirD3
POXMKHXB,qje01PDBImMG8VBE3hnyw4GbJ7W2
DXWBAORW,giXzRAAuoRRAg7xQ9Y56DX0FVDr1
UKKYEXZH,v8s9qaC0OZbY4OXHQBR5Nb0juq52
FUZORIAM,dtV4ZlnWakRFGKpIfiUqdu3q6iq1
ZNNBKMIA,5FQMhLSr6je06dBSJvZjbiddFID2
AJITVMKR,DwCHgxHJFhf0nAqiQfHS3lycTuv2
KRHJJNKA,yiPghdPwkdfosD5DgpsWCwryhI12
KSWDWXTQ,5FnTn9FS7uUjXCbNzKuQY28pI3G2
BQUVDMSD,dlSirkwl7JPl36hawynOTHhscyy1
DMXEKIBJ,oNB3E8WhVsOEhgx0sgNm0Czv5bK2
AINRPVEF,YpvrpmeZ2bRKrSUIWVe8a4fzSHg1
DIKBROWI,YKJ4AmuaSThm9fM7nAE2rxLs9Bm2
SASGCJOY,RTuiIzd8iGX3h3QWpU5CIJYHqD32
ZZSQKOOG,Xq0KTVn9T2TQhl644ZuZHT5ByQy2
NJMRWUQH,qvKy3g7enMOhjEGqHPtNrrrExQl2
EDCHZGES,MxWWtrKw3RcNjG0Rmrw9Rt4YD9E3
UMGINBMI,JeM753cUNJdIV37vCj94583kYCE2
XWJHEYOR,NakKwA95snbM0W6Lk1nV0ptOmOA2
SOTPBNLM,34FItWuiLofMlaG1BmqHWVgHelh2
YTXDUWVA,K5SeTDLlXVQ0U5sl17KluTKEOKJ3
WTMIYPQG,igcBoCJELsfzituxLn61lJybxgD2
QBVQJIZT,IIKtjdSBHDUkAzLMBs6n3SLbR8Y2
IEMFEVUW,DZmX1dGK8KdmY3WYQFuCXrVWuhk2
KGDTNLVF,RN1h8pdpLkMEdRKNVZvFJZqWfGD2
AJYYNFOZ,kDI4V7d7CNOZp3DwAK825tYAzsw2
UEBIXDYG,4mg0uaY0GYTtgo4hvP2APxs7zhL2
CAXLDZQC,PlplsT6dnBbbDLRRXiSGU5I8Jls2
KRDAUETA,EAj5X2nQbNhAzPOqXj28BgI9Wpp2
IZSLKOKK,qqMKI7lvNFO8aQqGkWs0lvww3zJ2
KMHGXZGS,kgtFoIOecEZqthRZTYMaYb4zjQy2
IEKNSDLQ,H6bxcGub1wOdaWWZ7kyk8KYuswf1
UVPRYGAU,PZhCH5PyO8RD2FPFQbeCmuGB5q33
BSJMCHFY,uiJ6vlTGUtO7akwp4VhP2142D9u1
ELOZRXIS,URgU2WswGtQp3hFNsrkdGsVxAzJ2
KUZXCXMH,CStOCq03YfgBopyDsibRbZlahm13
FXRXDAWM,4BsVbbiOh1a5X9UgYOIPOj3Hsi62
KJEFNHZR,913nkZSI3KeVWwJ7NfrfNFZGcKB3
GVPXHOKR,9CUhQAT3U5YhxXmqkw01co7jVOU2
WBZSQDEL,MKb4BFUuYAZfOtzGlAz1UwNzo6R2
XHIPSWZY,GrE7GAhI8UUX1BK0QHOBGLvOQJb2
TFPSHPKE,gHDyWKwAjxPkdxg4hh1hElbzbbR2
LLLKEKZC,cV9R1idnuDfxw4jmzpA7Sj94O5J3
DAXAZKWK,LShW1854ahW9IMubCKJH9L3Kdxh2
FXORHCDR,sEXwP0TZ79eEEbNZR1KRl3nLvN22
WRQOBOSQ,itvtyBYukyL63vESDviOtQzwGit1
UWTIBLII,exj2e14KykUjLNwbOGgOgFieo8a2
GXEQLQZX,gWIawRTh97MMSACF9Mq9braP8s12
TTHFRTAZ,imJHn5lm2kNb8LxmSeTGBtm5vAn2
CQCWFLSY,DQbyjZoEh1chrWRqOkPrUsxvqpv2
RFBFZJOU,Eu11s84cuBTiPXTAtVf9mj3GkqA2
IKOGGQSM,QQbzKidDxHQ0eZFEL4uG68s1lc02
VUDJJAQN,nMIOAh7qRFf3pqbchclOLKbPDOm1
AIQKFECX,XVjp63ocWZRqJRdxCtklUfmdklm2
JHZSKNVA,AI4aa1tjlXQw4iOH4RuTvgMtK3G3
ZPXRMHUJ,V247RjX91RY4fxtgfeWjvBhg89s2
ZJWXLFYC,l8qDG3sN6tczDZGHbgPje0suopx1
KICCBWXA,U7UmNZmqS6OWTiDkM7IfqkDRrae2
VVNSZCGR,IQ7tfWcSsRXGe0J94ouY9rsTB8V2
FTVFHCKH,TyKZXsSHoMO2h8aqmLNlpaU2FZ72
BYHGOCUY,mh19KvxVPfMXJ823tZzidOF1Wwn2
MQBVRXVS,s9pMRe4F46aJf8Jg9SvLfJoxgg93
AVOYSPEO,X2oCYyUk9HQsz8UHY03sxnrCXGF3
QQOWPHDI,Q82KnSDEDTc0w7CDj1fSBntRTyg1
QHSQQRWE,uy91CirxgXNJdJv6AalXx2Tt3Gg1
VMUOLXVQ,b3xN4I45RJb7nxHBRUd6Q6yx3z33
DPOSEEHA,g6wE0LPtHWdH7XAWDCGHB5Kj1So1
LOEJAPMK,6FftFl1jWlQHb0N37KW4ajs9dqH3
KYVLGDVU,GGGztp5BbtgwQ7McufNdfMAvSFv1
YVBNAXEA,14bqYTAafsSLdCtHZVw1gavRhpd2
XZMTZHCC,ugXNiwAC4VZuidrzssew4IEViQM2
HCRKHPUX,tKPYt15PqwZH8RcZnoRnkk4Q8UZ2
PARVUKGE,Eik9USYv51RYy1mxzPOGxPLhn4o1
CGDCLXTU,tpnRTSUMvkT4tJZpIQi0OghPefz1
RNYNKQEY,ROuIITY6ZYQRx0FR202YGkTsmSD2
IWHCKGOT,CFkIEzwZ5PcogCElOD2K3RJQzmh1
SRRYQJPS,9TA7dm7qVygA0rTNGmNJOlofvtP2
SDFMWFAS,t6twqoKKSMOJdmehEj2gbVo6Lao2
QIRJAQVF,5w8ZIMTjkXOMI78Q3sccWcvMKiI2
WQRKBQDM,RV4V6j3c5cbSb2B4pY9vlF6kbeE2
OWZHWPUL,JQyIFoDDO1fwOuEH0GaOFskQ90q1
LDGHXFOJ,UEJ4NxXtJzPJ5U4DPWg188b9dff2
EAPWDYTF,NxqOq1i4PtUiqBxV1wFUII9SQj43
IZPKAPPL,MSqyNEX5gYfLNib5Lim9IyDnNVu2
GWHRINWA,P1FePApIBQedglthtDiBvs3G84M2
ZADMDENR,9qFHoE68V7RDn79M2QtChoCpiGo2
HCEKOIXV,0kQAWAGJHffg9kZhji65QkUaEvx1
STHYDVZS,D31ydMgq8wMpO9OOGwxpMfOp9qg1
SSXANUNW,3FD9salx6KQf114qJSSvW74Ffi63
LLZAYJDZ,Y5eS0NFkNCPdRy7EFiTvm5QJ4qO2
RBPYZYAR,MeUiOR3KHJOGkU0rpWsA5oiBt672
OBENNSLD,P5mI5OKQZ3WbFo8FkU7VuvAwUwz2
JQSKNGTL,k73r7MJLJyav5AF6DJS6LFQnvn82
HTVFTMAR,uXC8VbwVHrY6Y9oh83B8X6DTjAO2
AKOEDOWE,49Ih3xxOmCT53KfYuC2BKGvSAi13
AUYRKGHK,XOfL6t78sMQHHG9VppmLHnaawvg2
ABGOQHWP,OPSRSPdvG3SJ42PhF7aFmCZcVpk1
UJYIJJLM,LYJToDRYDZfpjBuNC6YkUcphr0q1
BVUSRBNW,xyM7qnHrkeSfQsGyRCsomcKfMDG3
ZAQBSRWY,vxQXoOBf9Oa0zTwHaKRyHqiUQTB2
WRJHOYHA,HtCYru78WihN83VInC0etddLCv62
TFUIBJNZ,UbRWBwc42vQH5WKiUUP89RvPlA92
ICFKAMGB,rsVzlx8x0INOnHAt8Xu6jrxeGqG2
GIHYTYNA,LziLApJbcWWu3MzbIL8k6mLdyFK2
MKLZJWHU,XzIjEtRHHPci6Zq0zb9Lx0d6zEr2
ZYXNGIYO,BRi5khF6PxMORMTOXjeS6r2dNqt1
UMJUJPEI,0KOy96zEUfdMY4rZzwrDT0gMPDa2
WORCMPGJ,NBD8pzxLyyYZs8wul5W6UUKBZbz1
NWMOSUJQ,VGh9wqs8iDXHhUdrA12VtBhN1lJ3
IZAWRYVJ,wwedtVmUE2dHLXmCHaIXW4uGRmq2
OZTNTLEE,cxchnGnCHJQ3Tjqn5faj2Sfqa0e2
VETJPWUM,bEzlLV5ZV3fSBFl6JLs1e0t3GEG2
FKMTYBLD,779c1GiOSsSsxsi1PrMGXwOrIuo2
ASXHYHEO,HmsAhPiHhiQOnvXYXzZ5u5qFqLq1
VWJOONXB,SiEdfz3YnndtOTlm8CIVK4YQcg42
MMMTVHIS,jFtviHrZKLUXECg7rQPRt16g0zv1
GPGCOONL,mX9OLV39QwhCicc7VLqQyniNdU63
AJLPVMKI,0c00ybTdnIRUTXeg20bZjJOzhKv1
WTWOIYNE,xMOI1306iZMtFQ5FCNcYraYUSDA3
PAOGFIVM,BTyDWg2XGnaMNkwlmO6ZWdd6LtF3
UDHHCWTS,yHRFkSwYEehBF4AtthYzXkR6jUc2
XSSEAKOT,g9WjuKnjoYZYmLVDY86u4JIwZ333
IFJHOWDK,SwrvfymSTCSlj270wmp4wfo1iV83
VZGEBKYV,xvMgeb7JIxMhve3nHltF43FL1q52
JMMLROUT,4gkSRZ0IWxVAOJSuVEFhQqrzIYx1
VVWGRIKB,YwhRHergRUamkPHHq2Vo5LA0WIw1
RAJACLOB,GuZQNW2ktwaUr8OxHPLN0iVGy2G2
BDUDSDKM,jzZNRqxGsTXZVZJbipHEyBaGPAI2
EEKYOVJA,GLIDHIQIWigOOPXUqR9SYKIN2v83
ZIXAOYVO,8BmywU3Y0Xh4xucX5Zt2xXDkMzB2
XBBKRFOE,ZIsSazVaDRZmnV0GzL164wnjQGV2
BWRBYEWZ,QQx7MsHhXfPFNPjPAydYMmTWkpo2
MZQROMRC,6GBpxEuVACapBiyIgwQOAj1zuuy1
JYDRKQKC,6EIX9NrJ1oWfURDgcOsxZ8j4z5o2
KUHCLGKW,6BGTwwcsLoZpqSMhSzFeT2Z7Pqr2
BDZJHRGG,MViWQGORcQfI5lGwqT4CDXP9iHG3
WOHNLAZW,60JfHHIcNZUf9lCy68R1Cgl69ZN2
